name,type_id_id
harshil,111111111111111111111111111111111111111111@1111111111111111111111111111a1111111111111111111a111111111
harshil,111111111111111111111111111111111111111111@1111111111111111111111111111a1111111111111111111a111111111
harshil,111
harshil,111111111111111111111111111111111111111111@1111111111111111111111111111a1111111111111111111a111111111
harshil,1
harshil,111111111111111111111111111111111111111111@1111111111111111111111111111a1111111111111111111a111111111
harshil,111
harshil,111111111111111111111111111111111111111111@1111111111111111111111111111a1111111111111111111a111111111
harshil,1
harshil,1
harshil,111111111111111111111111111111111111111111@1111111111111111111111111111a1111111111111111111a111111111
harshil,111
harshil,111111111111111111111111111111111111111111@1111111111111111111111111111a1111111111111111111a111111111
harshil,1
harshil,1
harshil,1
harshil,111111111111111111111111111111111111111111@1111111111111111111111111111a1111111111111111111a111111111
harshil,111
harshil,111111111111111111111111111111111111111111@1111111111111111111111111111a1111111111111111111a111111111
harshil,1
harshil,1
harshil,1
harshil,111111111111111111111111111111111111111111@1111111111111111111111111111a1111111111111111111a111111111
harshil,111
harshil,111111111111111111111111111111111111111111@1111111111111111111111111111a1111111111111111111a111111111
harshil,1
harshil,1
harshil,1
harshil,111111111111111111111111111111111111111111@1111111111111111111111111111a1111111111111111111a111111111
harshil,111
harshil,111111111111111111111111111111111111111111@1111111111111111111111111111a1111111111111111111a111111111
harshil,1
harshil,1
harshil,1
harshil,111111111111111111111111111111111111111111@1111111111111111111111111111a1111111111111111111a111111111
harshil,111
harshil,111111111111111111111111111111111111111111@1111111111111111111111111111a1111111111111111111a111111111
harshil,1
harshil,1
harshil,1
harshil,111111111111111111111111111111111111111111@1111111111111111111111111111a1111111111111111111a111111111
harshil,111
harshil,111111111111111111111111111111111111111111@1111111111111111111111111111a1111111111111111111a111111111
harshil,1
harshil,1
harshil,1
harshil,111111111111111111111111111111111111111111@1111111111111111111111111111a1111111111111111111a111111111
harshil,111
harshil,111111111111111111111111111111111111111111@1111111111111111111111111111a1111111111111111111a111111111
harshil,1
harshil,1
harshil,1
harshil,111111111111111111111111111111111111111111@1111111111111111111111111111a1111111111111111111a111111111
harshil,111
harshil,111111111111111111111111111111111111111111@1111111111111111111111111111a1111111111111111111a111111111
harshil,1
harshil,1
harshil,1
harshil,111111111111111111111111111111111111111111@1111111111111111111111111111a1111111111111111111a111111111
harshil,111
harshil,111111111111111111111111111111111111111111@1111111111111111111111111111a1111111111111111111a111111111
harshil,1
harshil,1
harshil,1
harshil,111111111111111111111111111111111111111111@1111111111111111111111111111a1111111111111111111a111111111
harshil,111
harshil,111111111111111111111111111111111111111111@1111111111111111111111111111a1111111111111111111a111111111
harshil,1
harshil,1
harshil,1
harshil,111111111111111111111111111111111111111111@1111111111111111111111111111a1111111111111111111a111111111
harshil,111
harshil,111111111111111111111111111111111111111111@1111111111111111111111111111a1111111111111111111a111111111
harshil,1
harshil,1
harshil,1
harshil,111111111111111111111111111111111111111111@1111111111111111111111111111a1111111111111111111a111111111
harshil,111
harshil,111111111111111111111111111111111111111111@1111111111111111111111111111a1111111111111111111a111111111
harshil,1
harshil,1
harshil,1
harshil,111111111111111111111111111111111111111111@1111111111111111111111111111a1111111111111111111a111111111
harshil,111
harshil,111111111111111111111111111111111111111111@1111111111111111111111111111a1111111111111111111a111111111
harshil,1
harshil,1
harshil,1
harshil,111111111111111111111111111111111111111111@1111111111111111111111111111a1111111111111111111a111111111
harshil,111
harshil,111111111111111111111111111111111111111111@1111111111111111111111111111a1111111111111111111a111111111
harshil,1
harshil,1
harshil,1
harshil,111111111111111111111111111111111111111111@1111111111111111111111111111a1111111111111111111a111111111
harshil,111
harshil,111111111111111111111111111111111111111111@1111111111111111111111111111a1111111111111111111a111111111
harshil,1
harshil,1
harshil,1
harshil,111111111111111111111111111111111111111111@1111111111111111111111111111a1111111111111111111a111111111
harshil,111
harshil,111111111111111111111111111111111111111111@1111111111111111111111111111a1111111111111111111a111111111
harshil,1
harshil,1
harshil,1
harshil,111111111111111111111111111111111111111111@1111111111111111111111111111a1111111111111111111a111111111
harshil,111
harshil,111111111111111111111111111111111111111111@1111111111111111111111111111a1111111111111111111a111111111
harshil,1
harshil,1
harshil,1
harshil,111111111111111111111111111111111111111111@1111111111111111111111111111a1111111111111111111a111111111
harshil,111
harshil,111111111111111111111111111111111111111111@1111111111111111111111111111a1111111111111111111a111111111
harshil,1
harshil,1
harshil,1
harshil,111111111111111111111111111111111111111111@1111111111111111111111111111a1111111111111111111a111111111
harshil,111
harshil,111111111111111111111111111111111111111111@1111111111111111111111111111a1111111111111111111a111111111
harshil,1
harshil,1
harshil,1
harshil,111111111111111111111111111111111111111111@1111111111111111111111111111a1111111111111111111a111111111
harshil,111
harshil,111111111111111111111111111111111111111111@1111111111111111111111111111a1111111111111111111a111111111
harshil,1
harshil,1
harshil,1
harshil,111111111111111111111111111111111111111111@1111111111111111111111111111a1111111111111111111a111111111
harshil,111
harshil,111111111111111111111111111111111111111111@1111111111111111111111111111a1111111111111111111a111111111
harshil,1
harshil,1
harshil,1
harshil,111111111111111111111111111111111111111111@1111111111111111111111111111a1111111111111111111a111111111
harshil,111
harshil,111111111111111111111111111111111111111111@1111111111111111111111111111a1111111111111111111a111111111
harshil,1
harshil,1
harshil,1
harshil,111111111111111111111111111111111111111111@1111111111111111111111111111a1111111111111111111a111111111
harshil,111
harshil,111111111111111111111111111111111111111111@1111111111111111111111111111a1111111111111111111a111111111
harshil,1
harshil,1
harshil,1
harshil,111111111111111111111111111111111111111111@1111111111111111111111111111a1111111111111111111a111111111
harshil,111
harshil,111111111111111111111111111111111111111111@1111111111111111111111111111a1111111111111111111a111111111
harshil,1
harshil,1
harshil,1
harshil,111111111111111111111111111111111111111111@1111111111111111111111111111a1111111111111111111a111111111
harshil,111
harshil,111111111111111111111111111111111111111111@1111111111111111111111111111a1111111111111111111a111111111
harshil,1
harshil,1
harshil,1
harshil,111111111111111111111111111111111111111111@1111111111111111111111111111a1111111111111111111a111111111
harshil,111
harshil,111111111111111111111111111111111111111111@1111111111111111111111111111a1111111111111111111a111111111
harshil,1
harshil,1
harshil,1
harshil,111111111111111111111111111111111111111111@1111111111111111111111111111a1111111111111111111a111111111
harshil,111
harshil,111111111111111111111111111111111111111111@1111111111111111111111111111a1111111111111111111a111111111
harshil,1
harshil,1
harshil,1
harshil,111111111111111111111111111111111111111111@1111111111111111111111111111a1111111111111111111a111111111
harshil,111
harshil,111111111111111111111111111111111111111111@1111111111111111111111111111a1111111111111111111a111111111
harshil,1
harshil,1
harshil,1
harshil,111111111111111111111111111111111111111111@1111111111111111111111111111a1111111111111111111a111111111
harshil,111
harshil,111111111111111111111111111111111111111111@1111111111111111111111111111a1111111111111111111a111111111
harshil,1
harshil,1
harshil,1
harshil,111111111111111111111111111111111111111111@1111111111111111111111111111a1111111111111111111a111111111
harshil,111
harshil,111111111111111111111111111111111111111111@1111111111111111111111111111a1111111111111111111a111111111
harshil,1
harshil,1
harshil,1
harshil,111111111111111111111111111111111111111111@1111111111111111111111111111a1111111111111111111a111111111
harshil,111
harshil,111111111111111111111111111111111111111111@1111111111111111111111111111a1111111111111111111a111111111
harshil,1
harshil,1
harshil,1
harshil,111111111111111111111111111111111111111111@1111111111111111111111111111a1111111111111111111a111111111
harshil,111
harshil,111111111111111111111111111111111111111111@1111111111111111111111111111a1111111111111111111a111111111
harshil,1
harshil,1
harshil,1
harshil,111111111111111111111111111111111111111111@1111111111111111111111111111a1111111111111111111a111111111
harshil,111
harshil,111111111111111111111111111111111111111111@1111111111111111111111111111a1111111111111111111a111111111
harshil,1
harshil,1
harshil,1
harshil,111111111111111111111111111111111111111111@1111111111111111111111111111a1111111111111111111a111111111
harshil,111
