,name,type_id_id
0,harshil,111111111111111111111111111111111111111111@1111111111111111111111111111a1111111111111111111a111111111
1,harshil,1
2,harshil,1
3,harshil,1
4,harshil,111111111111111111111111111111111111111111@1111111111111111111111111111a1111111111111111111a111111111
5,harshil,111
6,harshil,111111111111111111111111111111111111111111@1111111111111111111111111111a1111111111111111111a111111111
7,harshil,1
8,harshil,1
9,harshil,1
10,harshil,111111111111111111111111111111111111111111@1111111111111111111111111111a1111111111111111111a111111111
11,harshil,111
12,harshil,111111111111111111111111111111111111111111@1111111111111111111111111111a1111111111111111111a111111111
13,harshil,1
14,harshil,1
15,harshil,1
16,harshil,111111111111111111111111111111111111111111@1111111111111111111111111111a1111111111111111111a111111111
17,harshil,111
18,harshil,111111111111111111111111111111111111111111@1111111111111111111111111111a1111111111111111111a111111111
19,harshil,1
20,harshil,1
21,harshil,1
22,harshil,111111111111111111111111111111111111111111@1111111111111111111111111111a1111111111111111111a111111111
23,harshil,111
24,harshil,111111111111111111111111111111111111111111@1111111111111111111111111111a1111111111111111111a111111111
25,harshil,1
26,harshil,1
27,harshil,1
28,harshil,111111111111111111111111111111111111111111@1111111111111111111111111111a1111111111111111111a111111111
29,harshil,111
30,harshil,111111111111111111111111111111111111111111@1111111111111111111111111111a1111111111111111111a111111111
31,harshil,1
32,harshil,1
33,harshil,1
34,harshil,111111111111111111111111111111111111111111@1111111111111111111111111111a1111111111111111111a111111111
35,harshil,111
36,harshil,111111111111111111111111111111111111111111@1111111111111111111111111111a1111111111111111111a111111111
37,harshil,1
38,harshil,1
39,harshil,1
40,harshil,111111111111111111111111111111111111111111@1111111111111111111111111111a1111111111111111111a111111111
41,harshil,111
42,harshil,111111111111111111111111111111111111111111@1111111111111111111111111111a1111111111111111111a111111111
43,harshil,1
44,harshil,1
45,harshil,1
46,harshil,111111111111111111111111111111111111111111@1111111111111111111111111111a1111111111111111111a111111111
47,harshil,111
48,harshil,111111111111111111111111111111111111111111@1111111111111111111111111111a1111111111111111111a111111111
49,harshil,1
50,harshil,1
51,harshil,1
52,harshil,111111111111111111111111111111111111111111@1111111111111111111111111111a1111111111111111111a111111111
53,harshil,111
54,harshil,111111111111111111111111111111111111111111@1111111111111111111111111111a1111111111111111111a111111111
55,harshil,1
56,harshil,1
57,harshil,1
58,harshil,111111111111111111111111111111111111111111@1111111111111111111111111111a1111111111111111111a111111111
59,harshil,111
60,harshil,111111111111111111111111111111111111111111@1111111111111111111111111111a1111111111111111111a111111111
61,harshil,1
62,harshil,1
63,harshil,1
64,harshil,111111111111111111111111111111111111111111@1111111111111111111111111111a1111111111111111111a111111111
65,harshil,111
66,harshil,111111111111111111111111111111111111111111@1111111111111111111111111111a1111111111111111111a111111111
67,harshil,1
68,harshil,1
69,harshil,1
70,harshil,111111111111111111111111111111111111111111@1111111111111111111111111111a1111111111111111111a111111111
71,harshil,111
72,harshil,111111111111111111111111111111111111111111@1111111111111111111111111111a1111111111111111111a111111111
73,harshil,1
74,harshil,1
75,harshil,1
76,harshil,111111111111111111111111111111111111111111@1111111111111111111111111111a1111111111111111111a111111111
77,harshil,111
78,harshil,111111111111111111111111111111111111111111@1111111111111111111111111111a1111111111111111111a111111111
79,harshil,1
80,harshil,1
81,harshil,1
82,harshil,111111111111111111111111111111111111111111@1111111111111111111111111111a1111111111111111111a111111111
83,harshil,111
84,harshil,111111111111111111111111111111111111111111@1111111111111111111111111111a1111111111111111111a111111111
85,harshil,1
86,harshil,1
87,harshil,1
88,harshil,111111111111111111111111111111111111111111@1111111111111111111111111111a1111111111111111111a111111111
89,harshil,111
90,harshil,111111111111111111111111111111111111111111@1111111111111111111111111111a1111111111111111111a111111111
91,harshil,1
92,harshil,1
93,harshil,1
94,harshil,111111111111111111111111111111111111111111@1111111111111111111111111111a1111111111111111111a111111111
95,harshil,111
96,harshil,111111111111111111111111111111111111111111@1111111111111111111111111111a1111111111111111111a111111111
97,harshil,1
98,harshil,1
99,harshil,1
100,harshil,111111111111111111111111111111111111111111@1111111111111111111111111111a1111111111111111111a111111111
101,harshil,111
102,harshil,111111111111111111111111111111111111111111@1111111111111111111111111111a1111111111111111111a111111111
103,harshil,1
104,harshil,1
105,harshil,1
106,harshil,111111111111111111111111111111111111111111@1111111111111111111111111111a1111111111111111111a111111111
107,harshil,111
108,harshil,111111111111111111111111111111111111111111@1111111111111111111111111111a1111111111111111111a111111111
109,harshil,1
110,harshil,1
111,harshil,1
112,harshil,111111111111111111111111111111111111111111@1111111111111111111111111111a1111111111111111111a111111111
113,harshil,111
114,harshil,111111111111111111111111111111111111111111@1111111111111111111111111111a1111111111111111111a111111111
115,harshil,1
116,harshil,1
117,harshil,1
118,harshil,111111111111111111111111111111111111111111@1111111111111111111111111111a1111111111111111111a111111111
119,harshil,111
120,harshil,111111111111111111111111111111111111111111@1111111111111111111111111111a1111111111111111111a111111111
121,harshil,1
122,harshil,1
123,harshil,1
124,harshil,111111111111111111111111111111111111111111@1111111111111111111111111111a1111111111111111111a111111111
125,harshil,111
126,harshil,111111111111111111111111111111111111111111@1111111111111111111111111111a1111111111111111111a111111111
127,harshil,1
128,harshil,1
129,harshil,1
130,harshil,111111111111111111111111111111111111111111@1111111111111111111111111111a1111111111111111111a111111111
131,harshil,111
132,harshil,111111111111111111111111111111111111111111@1111111111111111111111111111a1111111111111111111a111111111
133,harshil,1
134,harshil,1
135,harshil,1
136,harshil,111111111111111111111111111111111111111111@1111111111111111111111111111a1111111111111111111a111111111
137,harshil,111
138,harshil,111111111111111111111111111111111111111111@1111111111111111111111111111a1111111111111111111a111111111
139,harshil,1
140,harshil,1
141,harshil,1
142,harshil,111111111111111111111111111111111111111111@1111111111111111111111111111a1111111111111111111a111111111
143,harshil,111
144,harshil,111111111111111111111111111111111111111111@1111111111111111111111111111a1111111111111111111a111111111
145,harshil,1
146,harshil,1
147,harshil,1
148,harshil,111111111111111111111111111111111111111111@1111111111111111111111111111a1111111111111111111a111111111
149,harshil,111
150,harshil,111111111111111111111111111111111111111111@1111111111111111111111111111a1111111111111111111a111111111
151,harshil,1
152,harshil,1
153,harshil,1
154,harshil,111111111111111111111111111111111111111111@1111111111111111111111111111a1111111111111111111a111111111
155,harshil,111
156,harshil,111111111111111111111111111111111111111111@1111111111111111111111111111a1111111111111111111a111111111
157,harshil,1
158,harshil,1
159,harshil,1
160,harshil,111111111111111111111111111111111111111111@1111111111111111111111111111a1111111111111111111a111111111
161,harshil,111
162,harshil,111111111111111111111111111111111111111111@1111111111111111111111111111a1111111111111111111a111111111
163,harshil,1
164,harshil,1
165,harshil,1
166,harshil,111111111111111111111111111111111111111111@1111111111111111111111111111a1111111111111111111a111111111
167,harshil,111
168,harshil,111111111111111111111111111111111111111111@1111111111111111111111111111a1111111111111111111a111111111
169,harshil,1
170,harshil,1
171,harshil,1
172,harshil,111111111111111111111111111111111111111111@1111111111111111111111111111a1111111111111111111a111111111
173,harshil,111
174,harshil,111111111111111111111111111111111111111111@1111111111111111111111111111a1111111111111111111a111111111
175,harshil,1
176,harshil,1
177,harshil,1
178,harshil,111111111111111111111111111111111111111111@1111111111111111111111111111a1111111111111111111a111111111
179,harshil,111
180,harshil,111111111111111111111111111111111111111111@1111111111111111111111111111a1111111111111111111a111111111
181,harshil,1
182,harshil,1
183,harshil,1
184,harshil,111111111111111111111111111111111111111111@1111111111111111111111111111a1111111111111111111a111111111
185,harshil,111
186,harshil,111111111111111111111111111111111111111111@1111111111111111111111111111a1111111111111111111a111111111
187,harshil,1
188,harshil,1
189,harshil,1
190,harshil,111111111111111111111111111111111111111111@1111111111111111111111111111a1111111111111111111a111111111
191,harshil,111
192,harshil,111111111111111111111111111111111111111111@1111111111111111111111111111a1111111111111111111a111111111
193,harshil,1
194,harshil,1
195,harshil,1
196,harshil,111111111111111111111111111111111111111111@1111111111111111111111111111a1111111111111111111a111111111
197,harshil,111
198,harshil,111111111111111111111111111111111111111111@1111111111111111111111111111a1111111111111111111a111111111
199,harshil,1
200,harshil,1
201,harshil,1
202,harshil,111111111111111111111111111111111111111111@1111111111111111111111111111a1111111111111111111a111111111
203,harshil,111
204,harshil,111111111111111111111111111111111111111111@1111111111111111111111111111a1111111111111111111a111111111
205,harshil,1
206,harshil,1
207,harshil,1
208,harshil,111111111111111111111111111111111111111111@1111111111111111111111111111a1111111111111111111a111111111
209,harshil,111
210,harshil,111111111111111111111111111111111111111111@1111111111111111111111111111a1111111111111111111a111111111
211,harshil,1
212,harshil,1
213,harshil,1
214,harshil,111111111111111111111111111111111111111111@1111111111111111111111111111a1111111111111111111a111111111
215,harshil,111
